{
  "r2c-btra10": {
    "600.perlbench_s": {
      "runtime:median": 1.2072129155815081,
      "runtime:all": [
        303.728784,
        303.6883,
        300.641423,
        306.688071,
        303.728684
      ]
    },
    "602.gcc_s": {
      "runtime:median": 1.136165171772069,
      "runtime:all": [
        393.736988,
        392.744653,
        392.775279,
        392.776306,
        393.771756
      ]
    },
    "605.mcf_s": {
      "runtime:median": 1.0858485389048147,
      "runtime:all": [
        569.695572,
        564.689774,
        587.716533,
        573.704258,
        568.694023
      ]
    },
    "620.omnetpp_s": {
      "runtime:median": 1.1612512158677097,
      "runtime:all": [
        395.532154,
        396.532599,
        399.525124,
        396.53053,
        399.538481
      ]
    },
    "623.xalancbmk_s": {
      "runtime:median": 1.1379984015094942,
      "runtime:all": [
        274.40227,
        272.399351,
        271.402983,
        272.39862,
        272.409732
      ]
    },
    "625.x264_s": {
      "runtime:median": 1.0822790510949207,
      "runtime:all": [
        216.590459,
        219.572657,
        220.622359,
        223.583213,
        218.605309
      ]
    },
    "631.deepsjeng_s": {
      "runtime:median": 1.0979916568090673,
      "runtime:all": [
        280.408781,
        278.413976,
        279.405246,
        281.418939,
        282.418097
      ]
    },
    "641.leela_s": {
      "runtime:median": 1.0807263707856776,
      "runtime:all": [
        337.413612,
        340.463269,
        337.468002,
        343.421065,
        341.445881
      ]
    }
  },
  "r2c-btra14": {
    "600.perlbench_s": {
      "runtime:median": 1.2266917438516725,
      "runtime:all": [
        310.704525,
        308.629459,
        307.696095,
        309.661389,
        306.692506
      ]
    },
    "602.gcc_s": {
      "runtime:median": 1.1563480871178617,
      "runtime:all": [
        399.753611,
        398.78265,
        399.749429,
        400.749216,
        399.753742
      ]
    },
    "605.mcf_s": {
      "runtime:median": 1.1354530550024777,
      "runtime:all": [
        612.738215,
        595.720816,
        577.713709,
        625.752573,
        589.7152
      ]
    },
    "620.omnetpp_s": {
      "runtime:median": 1.1847984704817194,
      "runtime:all": [
        405.53402,
        404.529266,
        406.532935,
        403.53692,
        404.573283
      ]
    },
    "623.xalancbmk_s": {
      "runtime:median": 1.1505778716594346,
      "runtime:all": [
        274.400131,
        275.403308,
        279.413021,
        276.396449,
        275.410462
      ]
    },
    "625.x264_s": {
      "runtime:median": 1.1069150953609537,
      "runtime:all": [
        220.608548,
        222.628519,
        226.583871,
        224.643643,
        224.570815
      ]
    },
    "631.deepsjeng_s": {
      "runtime:median": 1.101961163919915,
      "runtime:all": [
        281.422527,
        284.416351,
        280.405803,
        280.409171,
        284.416222
      ]
    },
    "641.leela_s": {
      "runtime:median": 1.1030063788336248,
      "runtime:all": [
        348.477369,
        345.471198,
        351.484013,
        346.469573,
        347.482182
      ]
    }
  },
  "r2c-btra18": {
    "600.perlbench_s": {
      "runtime:median": 1.246919513995509,
      "runtime:all": [
        312.753555,
        314.6621,
        313.718664,
        313.70943,
        319.675698
      ]
    },
    "602.gcc_s": {
      "runtime:median": 1.179586617811934,
      "runtime:all": [
        408.765995,
        406.798095,
        407.787253,
        407.788609,
        407.77582
      ]
    },
    "605.mcf_s": {
      "runtime:median": 1.160256755904974,
      "runtime:all": [
        578.724416,
        607.73516,
        616.738518,
        608.734195,
        614.774942
      ]
    },
    "620.omnetpp_s": {
      "runtime:median": 1.2257105647947664,
      "runtime:all": [
        419.558366,
        418.543541,
        418.560411,
        415.541687,
        412.5543
      ]
    },
    "623.xalancbmk_s": {
      "runtime:median": 1.1756318434719408,
      "runtime:all": [
        282.415543,
        281.407343,
        292.419544,
        281.407558,
        279.401472
      ]
    },
    "625.x264_s": {
      "runtime:median": 1.1219213139171031,
      "runtime:all": [
        222.649362,
        227.582893,
        230.571426,
        228.620782,
        227.615275
      ]
    },
    "631.deepsjeng_s": {
      "runtime:median": 1.1175765401521252,
      "runtime:all": [
        288.426511,
        287.440513,
        284.41698,
        284.42505,
        285.410434
      ]
    },
    "641.leela_s": {
      "runtime:median": 1.112530681338519,
      "runtime:all": [
        346.474285,
        350.482641,
        354.482133,
        349.491351,
        352.494287
      ]
    }
  },
  "r2c-btra2": {
    "600.perlbench_s": {
      "runtime:median": 1.1472737933513206,
      "runtime:all": [
        285.677655,
        291.691165,
        287.674008,
        290.681042,
        288.648303
      ]
    },
    "602.gcc_s": {
      "runtime:median": 1.086957091088507,
      "runtime:all": [
        375.764899,
        375.741383,
        375.742564,
        378.716678,
        375.787998
      ]
    },
    "605.mcf_s": {
      "runtime:median": 1.0839763152425979,
      "runtime:all": [
        552.685444,
        568.713301,
        575.703162,
        550.679454,
        587.723057
      ]
    },
    "620.omnetpp_s": {
      "runtime:median": 1.102658251281402,
      "runtime:all": [
        375.498621,
        376.50266,
        380.507988,
        377.510004,
        376.524852
      ]
    },
    "623.xalancbmk_s": {
      "runtime:median": 1.1254574913825763,
      "runtime:all": [
        269.39747,
        257.388468,
        269.402474,
        262.40542,
        269.404819
      ]
    },
    "625.x264_s": {
      "runtime:median": 1.0578302999096627,
      "runtime:all": [
        214.612497,
        216.583643,
        214.548172,
        217.580933,
        214.608465
      ]
    },
    "631.deepsjeng_s": {
      "runtime:median": 1.0666387546401617,
      "runtime:all": [
        272.398891,
        272.407631,
        271.41034,
        272.401772,
        273.402469
      ]
    },
    "641.leela_s": {
      "runtime:median": 1.068012908585305,
      "runtime:all": [
        336.458123,
        337.463225,
        334.4768,
        335.469939,
        337.472498
      ]
    }
  },
  "r2c-btra22": {
    "600.perlbench_s": {
      "runtime:median": 1.2984033436059426,
      "runtime:all": [
        326.681298,
        326.679206,
        325.731985,
        326.671736,
        321.770077
      ]
    },
    "602.gcc_s": {
      "runtime:median": 1.202767188437644,
      "runtime:all": [
        414.772913,
        415.800858,
        416.76008,
        414.805038,
        415.804739
      ]
    },
    "605.mcf_s": {
      "runtime:median": 1.1774351962861367,
      "runtime:all": [
        614.762797,
        627.755803,
        617.746945,
        646.789427,
        583.741726
      ]
    },
    "620.omnetpp_s": {
      "runtime:median": 1.2638250527368242,
      "runtime:all": [
        431.5585,
        434.569311,
        431.557503,
        432.557094,
        428.557537
      ]
    },
    "623.xalancbmk_s": {
      "runtime:median": 1.200755737181016,
      "runtime:all": [
        288.418792,
        292.417529,
        287.415058,
        287.421391,
        286.410611
      ]
    },
    "625.x264_s": {
      "runtime:median": 1.1317831044586715,
      "runtime:all": [
        225.616575,
        229.629457,
        228.62602,
        229.616034,
        229.654373
      ]
    },
    "631.deepsjeng_s": {
      "runtime:median": 1.12935496294543,
      "runtime:all": [
        289.416873,
        288.418447,
        287.415293,
        284.417876,
        288.429194
      ]
    },