{
  "r2c-btra10": {
    "600.perlbench_s": {
      "runtime:median": 1.2072129155815081,
      "runtime:all": [
        303.728784,
        303.6883,
        300.641423,
        306.688071,
        303.728684
      ]
    },
    "602.gcc_s": {
      "runtime:median": 1.136165171772069,
      "runtime:all": [
        393.736988,
        392.744653,
        392.775279,
        392.776306,
        393.771756
      ]
    },
    "605.mcf_s": {
      "runtime:median": 1.0858485389048147,
      "runtime:all": [
        569.695572,
        564.689774,
        587.716533,
        573.704258,
        568.694023
      ]
    },
    "620.omnetpp_s": {
      "runtime:median": 1.1612512158677097,
      "runtime:all": [
        395.532154,
        396.532599,
        399.525124,
        396.53053,
        399.538481
      ]
    },
    "623.xalancbmk_s": {
      "runtime:median": 1.1379984015094942,
      "runtime:all": [
        274.40227,
        272.399351,
        271.402983,
        272.39862,
        272.409732
      ]
    },
    "631.deepsjeng_s": {
      "runtime:median": 1.0979916568090673,
      "runtime:all": [
        280.408781,
        278.413976,
        279.405246,
        281.418939,
        282.418097
      ]
    }
  },
  "r2c-btra14": {
    "600.perlbench_s": {
      "runtime:median": 1.2266917438516725,
      "runtime:all": [
        310.704525,
        308.629459,
        307.696095,
        309.661389,
        306.692506
      ]
    },
    "602.gcc_s": {
      "runtime:median": 1.1563480871178617,
      "runtime:all": [
        399.753611,
        398.78265,
        399.749429,
        400.749216,
        399.753742
      ]
    },
    "605.mcf_s": {
      "runtime:median": 1.1354530550024777,
      "runtime:all": [
        612.738215,
        595.720816,
        577.713709,
        625.752573,
        589.7152
      ]
    },
    "620.omnetpp_s": {
      "runtime:median": 1.1847984704817194,
      "runtime:all": [
        405.53402,
        404.529266,
        406.532935,
        403.53692,
        404.573283
      ]
    },
    "623.xalancbmk_s": {
      "runtime:median": 1.1505778716594346,
      "runtime:all": [
        274.400131,
        275.403308,
        279.413021,
        276.396449,
        275.410462
      ]
    },
    "631.deepsjeng_s": {
      "runtime:median": 1.101961163919915,
      "runtime:all": [
        281.422527,
        284.416351,
        280.405803,
        280.409171,
        284.416222
      ]
    }
  },
  "r2c-btra18": {
    "600.perlbench_s": {
      "runtime:median": 1.246919513995509,
      "runtime:all": [
        312.753555,
        314.6621,
        313.718664,
        313.70943,
        319.675698
      ]
    },
    "602.gcc_s": {
      "runtime:median": 1.179586617811934,
      "runtime:all": [
        408.765995,
        406.798095,
        407.787253,
        407.788609,
        407.77582
      ]
    },
    "605.mcf_s": {
      "runtime:median": 1.160256755904974,
      "runtime:all": [
        578.724416,
        607.73516,
        616.738518,
        608.734195,
        614.774942
      ]
    },
    "620.omnetpp_s": {
      "runtime:median": 1.2257105647947664,
      "runtime:all": [
        419.558366,
        418.543541,
        418.560411,
        415.541687,
        412.5543
      ]
    },
    "623.xalancbmk_s": {
      "runtime:median": 1.1756318434719408,
      "runtime:all": [
        282.415543,
        281.407343,
        292.419544,
        281.407558,
        279.401472
      ]
    },
    "631.deepsjeng_s": {
      "runtime:median": 1.1175765401521252,
      "runtime:all": [
        288.426511,
        287.440513,
        284.41698,
        284.42505,
        285.410434
      ]
    }
  },
  "r2c-btra2": {
    "600.perlbench_s": {
      "runtime:median": 1.1472737933513206,
      "runtime:all": [
        285.677655,
        291.691165,
        287.674008,
        290.681042,
        288.648303
      ]
    },
    "602.gcc_s": {
      "runtime:median": 1.086957091088507,
      "runtime:all": [
        375.764899,
        375.741383,
        375.742564,
        378.716678,
        375.787998
      ]
    },
    "605.mcf_s": {
      "runtime:median": 1.0839763152425979,
      "runtime:all": [
        552.685444,
        568.713301,
        575.703162,
        550.679454,
        587.723057
      ]
    },
    "620.omnetpp_s": {
      "runtime:median": 1.102658251281402,
      "runtime:all": [
        375.498621,
        376.50266,
        380.507988,
        377.510004,
        376.524852
      ]
    },
    "623.xalancbmk_s": {
      "runtime:median": 1.1254574913825763,
      "runtime:all": [
        269.39747,
        257.388468,
        269.402474,
        262.40542,
        269.404819
      ]
    },
    "631.deepsjeng_s": {
      "runtime:median": 1.0666387546401617,
      "runtime:all": [
        272.398891,
        272.407631,
        271.41034,
        272.401772,
        273.402469
      ]
    }
  },
  "r2c-btra22": {
    "600.perlbench_s": {
      "runtime:median": 1.2984033436059426,
      "runtime:all": [
        326.681298,
        326.679206,
        325.731985,
        326.671736,
        321.770077
      ]
    },
    "602.gcc_s": {
      "runtime:median": 1.202767188437644,
      "runtime:all": [
        414.772913,
        415.800858,
        416.76008,
        414.805038,
        415.804739
      ]
    },
    "605.mcf_s": {
      "runtime:median": 1.1774351962861367,
      "runtime:all": [
        614.762797,
        627.755803,
        617.746945,
        646.789427,
        583.741726
      ]
    },
    "620.omnetpp_s": {
      "runtime:median": 1.2638250527368242,
      "runtime:all": [
        431.5585,
        434.569311,
        431.557503,
        432.557094,
        428.557537
      ]
    },
    "623.xalancbmk_s": {
      "runtime:median": 1.200755737181016,
      "runtime:all": [
        288.418792,
        292.417529,
        287.415058,
        287.421391,
        286.410611
      ]
    },
    "631.deepsjeng_s": {
      "runtime:median": 1.12935496294543,
      "runtime:all": [
        289.416873,
        288.418447,
        287.415293,
        284.417876,
        288.429194
      ]
    }
  },
  "r2c-btra6": {
    "600.perlbench_s": {
      "runtime:median": 1.167305450662865,
      "runtime:all": [
        293.688167,
        297.693493,
        297.686547,
        288.711647,
        292.652318
      ]
    },
    "602.gcc_s": {
      "runtime:median": 1.1158451505062172,
      "runtime:all": [
        386.741845,
        385.751603,
        385.77393,
        385.740785,
        385.738434
      ]
    },
    "605.mcf_s": {
      "runtime:median": 1.06869869828487,
      "runtime:all": [
        554.692752,
        559.700516,
        569.707278,
        560.700994,
        560.697827
      ]
    },
    "620.omnetpp_s": {
      "runtime:median": 1.1378386231069595,
      "runtime:all": [
        388.537898,
        389.516443,
        390.513405,
        383.51926,
        388.515126
      ]
    },
    "623.xalancbmk_s": {
      "runtime:median": 1.1212727638396152,
      "runtime:all": [
        265.390565,
        268.395784,
        266.39212,
        268.400274,
        274.396756
      ]
    },
    "631.deepsjeng_s": {
      "runtime:median": 1.082314318822609,
      "runtime:all": [
        278.436617,
        276.40505,
        275.41423,
        277.411409,
        275.41896
      ]
    }
  }
}
