{
  "metadata": {
    "source": "topdown_stats.json (perf stat Jobs 20-21)",
    "denominator": "4\u00d7cycles (Intel TMA convention)",
    "note": "These are the authoritative values for BTRA-COMPREHENSIVE-ANALYSIS.md",
    "l2_l3_source": "all_passes_data.json (Pass 5: Core Bound, Pass 6: Frontend Latency)",
    "l2_l3_note": "L2/L3 metrics expressed as event counts, not percentages",
    "l2_l3_stat_source": "perf stat collection Jan 19-20 2026"
  },
  "benchmarks": {
    "600.perlbench_s": {
      "baseline": {
        "cycles": 404398560544.8,
        "instructions": 994267527127.1333,
        "ipc": 2.4586327057833,
        "retiring": 58.20723861030489,
        "bad_spec": 5.360020569521463,
        "frontend": 21.501103152509245,
        "backend": 14.9316376676644,
        "core_bound.cycle_activity.stalls_mem_any": 53144879717.2,
        "core_bound.exe_activity.exe_bound_0_ports": 2809604214.4,
        "frontend_latency.frontend_retired.latency_ge_2": 1892792486.2,
        "frontend_latency.frontend_retired.latency_ge_4": 307251506.1,
        "frontend_latency.icache_16b.ifdata_stall": 5051607577.4,
        "frontend_latency.frontend_retired.latency_ge_8": 106907483.0,
        "pass5_stat.exe_activity.bound_on_stores": 307878808.6666667,
        "pass5_stat.exe_activity.exe_bound_0_ports": 1920383186.0,
        "pass5_stat.arith.divider_active": 353858611.2,
        "pass5_stat.cycle_activity.stalls_mem_any": 45289084899.86667,
        "pass6_stat.frontend_retired.latency_ge_2": 2781251901.2,
        "pass6_stat.frontend_retired.latency_ge_4": 1362359216.1333334,
        "pass6_stat.frontend_retired.latency_ge_8": 426290207.8666667,
        "pass6_stat.icache_16b.ifdata_stall": 10331383527.4
      },
      "r2c-btra10": {
        "cycles": 486479583093.2,
        "instructions": 1191809544048.6,
        "ipc": 2.4498654937801834,
        "retiring": 61.132310983362416,
        "bad_spec": 5.309014308513886,
        "frontend": 20.752689194020807,
        "backend": 12.805985514102892,
        "frontend_latency.frontend_retired.latency_ge_2": 2365272224.133333,
        "frontend_latency.frontend_retired.latency_ge_4": 282698358.9285714,
        "frontend_latency.frontend_retired.latency_ge_8": 159211144.0,
        "frontend_latency.icache_16b.ifdata_stall": 6026942373.733334,
        "pass5_stat.exe_activity.bound_on_stores": 787539837.4,
        "pass5_stat.exe_activity.exe_bound_0_ports": 2795396561.733333,
        "pass5_stat.arith.divider_active": 356949561.6666667,
        "pass5_stat.cycle_activity.stalls_mem_any": 48787201592.46667,
        "pass6_stat.frontend_retired.latency_ge_2": 3656216405.6666665,
        "pass6_stat.frontend_retired.latency_ge_4": 1627462042.0666666,
        "pass6_stat.frontend_retired.latency_ge_8": 678778932.2666667,
        "pass6_stat.icache_16b.ifdata_stall": 16689276896.6
      }
    },
    "602.gcc_s": {
      "baseline": {
        "cycles": 548865657483.13336,
        "instructions": 780515891297.7333,
        "ipc": 1.4220527020707585,
        "retiring": 31.112299542773687,
        "bad_spec": 7.4798765425238125,
        "frontend": 19.087801789782436,
        "backend": 42.32002212492007,
        "core_bound.exe_activity.bound_on_stores": 2561837176.0833335,
        "core_bound.exe_activity.exe_bound_0_ports": 4130839529.5833335,
        "core_bound.cycle_activity.stalls_mem_any": 166087582464.33334,
        "frontend_latency.frontend_retired.latency_ge_2": 4104173938.733333,
        "frontend_latency.frontend_retired.latency_ge_4": 446917948.73333335,
        "frontend_latency.frontend_retired.latency_ge_8": 116708169.0,
        "frontend_latency.icache_16b.ifdata_stall": 4421606632.4,
        "pass5_stat.exe_activity.bound_on_stores": 3025907289.266667,
        "pass5_stat.exe_activity.exe_bound_0_ports": 4730132538.2,
        "pass5_stat.arith.divider_active": 1548970353.1333334,
        "pass5_stat.cycle_activity.stalls_mem_any": 189992998155.0,
        "pass6_stat.frontend_retired.latency_ge_2": 6169696884.933333,
        "pass6_stat.frontend_retired.latency_ge_4": 2644726637.9333334,
        "pass6_stat.frontend_retired.latency_ge_8": 610578620.5333333,
        "pass6_stat.icache_16b.ifdata_stall": 12235992896.133333
      },
      "r2c-btra10": {
        "cycles": 623663198650.5333,
        "instructions": 932010557335.0667,
        "ipc": 1.4944132656083084,
        "retiring": 35.13046493274317,
        "bad_spec": 6.8419526651452065,
        "frontend": 18.885752751435433,
        "backend": 39.14182965067619,
        "frontend_latency.frontend_retired.latency_ge_2": 3533367318.4,
        "frontend_latency.frontend_retired.latency_ge_4": 503101881.3333333,
        "frontend_latency.frontend_retired.latency_ge_8": 165711599.0,
        "frontend_latency.icache_16b.ifdata_stall": 7854545115.133333,
        "pass5_stat.exe_activity.bound_on_stores": 3256968333.6666665,
        "pass5_stat.exe_activity.exe_bound_0_ports": 5212790991.733334,
        "pass5_stat.arith.divider_active": 1529274703.4666667,
        "pass5_stat.cycle_activity.stalls_mem_any": 201996752600.53333,
        "pass6_stat.frontend_retired.latency_ge_2": 4961531568.933333,
        "pass6_stat.frontend_retired.latency_ge_4": 2969614086.866667,
        "pass6_stat.frontend_retired.latency_ge_8": 946276426.1333333,
        "pass6_stat.icache_16b.ifdata_stall": 22128231510.2
      }
    },
    "605.mcf_s": {
      "baseline": {
        "cycles": 2531315803884,
        "instructions": 1965107016542.2,
        "ipc": 0.7763183928006846,
        "retiring": 18.639536349049788,
        "bad_spec": 14.051672949814598,
        "frontend": 19.686629537735723,
        "backend": 47.62216116339988,
        "core_bound.exe_activity.bound_on_stores": 11801617702.4,
        "core_bound.exe_activity.exe_bound_0_ports": 11979617969.4,
        "core_bound.arith.divider_active": 13014419521.6,
        "core_bound.cycle_activity.stalls_mem_any": 814672022006.2,
        "frontend_latency.frontend_retired.latency_ge_2": 17860190125.8,
        "frontend_latency.frontend_retired.latency_ge_4": 2345604180.8,
        "pass5_stat.exe_activity.bound_on_stores": 14528115745.2,
        "pass5_stat.exe_activity.exe_bound_0_ports": 13284900975.4,
        "pass5_stat.arith.divider_active": 15609975539.4,
        "pass5_stat.cycle_activity.stalls_mem_any": 954053044176.2,
        "pass6_stat.frontend_retired.latency_ge_2": 26673069967.4,
        "pass6_stat.frontend_retired.latency_ge_4": 13927314193.8,
        "pass6_stat.frontend_retired.latency_ge_8": 478603150.0,
        "pass6_stat.icache_16b.ifdata_stall": 929336992.6
      },
      "r2c-btra10": {
        "cycles": 2853531238564.8,
        "instructions": 2782196767635,
        "ipc": 0.9750013351997934,
        "retiring": 25.250575648242997,
        "bad_spec": 16.129721896871317,
        "frontend": 12.519842312410947,
        "backend": 46.09986014247474,
        "frontend_latency.frontend_retired.latency_ge_2": 20358184973.2,
        "frontend_latency.frontend_retired.latency_ge_4": 2520036390.2,
        "pass5_stat.exe_activity.bound_on_stores": 14327717475.4,
        "pass5_stat.exe_activity.exe_bound_0_ports": 15455445091.8,
        "pass5_stat.arith.divider_active": 15508822134.6,
        "pass5_stat.cycle_activity.stalls_mem_any": 978554257724.6,
        "pass6_stat.frontend_retired.latency_ge_2": 24996318902.6,
        "pass6_stat.frontend_retired.latency_ge_4": 12239340931.0,
        "pass6_stat.frontend_retired.latency_ge_8": 211178353.0,
        "pass6_stat.icache_16b.ifdata_stall": 967791230.0
      }
    },
    "620.omnetpp_s": {
      "baseline": {
        "cycles": 1631073473489.8,
        "instructions": 1020422076851.8,
        "ipc": 0.6256138018531642,
        "retiring": 15.554032061011045,
        "bad_spec": 7.146558157006222,
        "frontend": 8.836572901610083,
        "backend": 68.46283688037265,
        "core_bound.exe_activity.bound_on_stores": 3590405385.6,