{
  "r2c-btra10": {
    "600.perlbench_s": {
      "runtime:median": 1.1425006380846219,
      "runtime:all": [
        466.320017,
        481.226303,
        472.848382
      ]
    },
    "602.gcc_s": {
      "runtime:median": 1.1113189113067208,
      "runtime:all": [
        518.21127,
        518.760592,
        518.552016
      ]
    },
    "605.mcf_s": {
      "runtime:median": 1.1040935731264871,
      "runtime:all": [
        741.843214,
        780.761521,
        753.698259
      ]
    },
    "620.omnetpp_s": {
      "runtime:median": 1.1544892855916,
      "runtime:all": [
        576.78658,
        570.222293,
        576.43735
      ]
    },
    "623.xalancbmk_s": {
      "runtime:median": 1.174076918662457,
      "runtime:all": [
        296.587702,
        303.459107,
        296.369517
      ]
    },
    "625.x264_s": {
      "runtime:median": 1.0705241970061727,
      "runtime:all": [
        280.395606,
        279.761919,
        279.456688
      ]
    },
    "631.deepsjeng_s": {
      "runtime:median": 1.0789485967485264,
      "runtime:all": [
        394.227059,
        396.268743,
        397.798559
      ]
    },
    "641.leela_s": {
      "runtime:median": 1.0725719063693935,
      "runtime:all": [
        462.673433,
        459.852617,
        467.814465
      ]
    },
    "657.xz_s": {
      "runtime:median": 1.0218078353847262,
      "runtime:all": [
        2738.732802,
        2763.401476,
        2755.950392
      ]
    }
  },
  "r2c-btra14": {
    "600.perlbench_s": {
      "runtime:median": 1.213293315012475,
      "runtime:all": [
        491.467286,
        507.128512,
        502.147449
      ]
    },
    "602.gcc_s": {
      "runtime:median": 1.143395421596912,
      "runtime:all": [
        535.170051,
        533.519222,
        532.940115
      ]
    },
    "605.mcf_s": {
      "runtime:median": 1.1126091323832037,
      "runtime:all": [
        759.511319,
        762.055207,
        755.7092
      ]
    },
    "620.omnetpp_s": {
      "runtime:median": 1.2290173391613026,
      "runtime:all": [
        613.649262,
        595.698759,
        618.172378
      ]
    },
    "623.xalancbmk_s": {
      "runtime:median": 1.265119108688716,
      "runtime:all": [
        316.703935,
        319.58619,
        323.218907
      ]
    },
    "625.x264_s": {
      "runtime:median": 1.0769481667571073,
      "runtime:all": [
        281.440706,
        281.860241,
        280.560063
      ]
    },
    "631.deepsjeng_s": {
      "runtime:median": 1.0895896579136704,
      "runtime:all": [
        396.387774,
        422.838292,
        400.176918
      ]
    },
    "641.leela_s": {
      "runtime:median": 1.1115429345062622,
      "runtime:all": [
        482.085662,
        468.843301,
        479.484296
      ]
    },
    "657.xz_s": {
      "runtime:median": 1.0169775649219983,
      "runtime:all": [
        2742.922516,
        2736.758748,
        2746.6177
      ]
    }
  },
  "r2c-btra18": {
    "600.perlbench_s": {
      "runtime:median": 1.2242592106585524,
      "runtime:all": [
        519.375354,
        502.272509,
        506.68592
      ]
    },
    "602.gcc_s": {
      "runtime:median": 1.1723833667193124,
      "runtime:all": [
        544.511576,
        547.045274,
        554.133104
      ]
    },
    "605.mcf_s": {
      "runtime:median": 1.1913023479428073,
      "runtime:all": [
        779.982619,
        843.167035,
        813.230443
      ]
    },
    "620.omnetpp_s": {
      "runtime:median": 1.2365926594588479,
      "runtime:all": [
        611.024863,
        618.285404,
        617.431625
      ]
    },
    "623.xalancbmk_s": {
      "runtime:median": 1.2404908266211991,
      "runtime:all": [
        314.216853,
        313.364753,
        305.078273
      ]
    },
    "625.x264_s": {
      "runtime:median": 1.0930505869341305,
      "runtime:all": [
        283.13298,
        288.367365,
        285.648779
      ]
    },
    "631.deepsjeng_s": {
      "runtime:median": 1.0998886112120434,
      "runtime:all": [
        400.919338,
        406.570983,
        403.959446
      ]
    },
    "641.leela_s": {
      "runtime:median": 1.0976098403763026,
      "runtime:all": [
        470.570951,
        473.510192,
        473.474002
      ]
    },
    "657.xz_s": {
      "runtime:median": 1.023132537803253,
      "runtime:all": [
        2767.641125,
        2759.523289,
        2717.31558
      ]
    }
  },
  "r2c-btra6": {
    "600.perlbench_s": {
      "runtime:median": 1.1275725168548596,
      "runtime:all": [
        467.10668,
        465.570823,
        466.670059
      ]
    },
    "602.gcc_s": {
      "runtime:median": 1.101419298215005,
      "runtime:all": [
        513.932762,
        513.295107,
        515.641489
      ]
    },
    "605.mcf_s": {
      "runtime:median": 1.0828767466646492,
      "runtime:all": [
        750.757157,
        739.214808,
        728.600976
      ]
    },
    "620.omnetpp_s": {
      "runtime:median": 1.1191140583457901,
      "runtime:all": [
        558.774473,
        555.934117,
        560.436117
      ]
    },
    "623.xalancbmk_s": {
      "runtime:median": 1.1456426684749204,
      "runtime:all": [
        285.270643,
        289.654739,
        289.404826
      ]
    },
    "625.x264_s": {
      "runtime:median": 1.0601287000341444,
      "runtime:all": [
        278.45678,
        277.045246,
        274.496799
      ]
    },
    "631.deepsjeng_s": {
      "runtime:median": 1.0745079142765637,
      "runtime:all": [
        400.498082,
        394.6378,
        393.756509
      ]
    },
    "641.leela_s": {
      "runtime:median": 1.0517340314308135,
      "runtime:all": [
        453.684636,
        451.42369,
        460.578417
      ]
    },
    "657.xz_s": {
      "runtime:median": 0.9982334975158681,
      "runtime:all": [
        2688.15789,
        2692.367296,
        2699.095824
      ]
    }
  }
}